{
  "hash": "66a230c0",
  "configHash": "3818e420",
  "lockfileHash": "a4da461e",
  "browserHash": "13b0dd96",
  "optimized": {
    "vue": {
      "src": "../../../node_modules/vue/dist/vue.runtime.esm-bundler.js",
      "file": "vue.js",
      "fileHash": "7dc5773b",
      "needsInterop": false
    },
    "vitepress > @vue/devtools-api": {
      "src": "../../../node_modules/@vue/devtools-api/dist/index.js",
      "file": "vitepress___@vue_devtools-api.js",
      "fileHash": "6445eefb",
      "needsInterop": false
    },
    "vitepress > @vueuse/core": {
      "src": "../../../node_modules/@vueuse/core/index.mjs",
      "file": "vitepress___@vueuse_core.js",
      "fileHash": "7bdeb11c",
      "needsInterop": false
    }
  },
  "chunks": {
    "chunk-GJ5JRRTH": {
      "file": "chunk-GJ5JRRTH.js"
    }
  }
}